"","Score.Mean","FirstAuthorGender","student","AuthorCode","nmo","conference","rank","maletype","year","po","review"
"396",0,"m","Non-Student",NA,"a","EvoLang9",0,NA,0,1,"Single"
"397",0,"m","Non-Student",NA,"a","EvoLang9",0,NA,0,1,"Single"
"398",0.888888888888889,"m","Non-Student",NA,"w","EvoLang9",0.914772727272727,NA,0,1,"Single"
"399",0.916666666666667,"m","Non-Student",NA,"a","EvoLang9",0.948863636363636,NA,0,1,"Single"
"400",0.611111111111111,"f","Non-Student",NA,"a","EvoLang9",0.579545454545455,NA,0,1,"Single"
"401",0.888888888888889,"m","Non-Student",NA,"w","EvoLang9",0.914772727272727,NA,0,1,"Single"
"402",0.611111111111111,"f","Non-Student",NA,"w","EvoLang9",0.579545454545455,NA,0,1,"Single"
"403",0.916666666666667,"m","Non-Student",NA,"w","EvoLang9",0.948863636363636,NA,0,1,"Single"
"404",0.333333333333333,"m","Non-Student",NA,"e","EvoLang9",0.227272727272727,NA,0,1,"Single"
"405",0.583333333333333,"m","Student",NA,"w","EvoLang9",0.534090909090909,NA,0,1,"Single"
"406",0,"m","Non-Student",NA,"w","EvoLang9",0,NA,0,1,"Single"
"407",0.333333333333333,"m","Non-Student",NA,"a","EvoLang9",0.227272727272727,NA,0,1,"Single"
"408",0.5,"m","Non-Student",NA,"w","EvoLang9",0.397727272727273,NA,0,1,"Single"
"409",0.5,"m","Non-Student",NA,"w","EvoLang9",0.397727272727273,NA,0,1,"Single"
"410",0.666666666666667,"m","Student",NA,"w","EvoLang9",0.625,NA,0,1,"Single"
"411",0.833333333333333,"m","Non-Student",NA,"w","EvoLang9",0.829545454545455,NA,0,1,"Single"
"412",0.722222222222222,"m","Non-Student",NA,"w","EvoLang9",0.678977272727273,NA,0,1,"Single"
"413",0.833333333333333,"m","Non-Student",73,"a","EvoLang9",0.829545454545455,NA,0,1,"Single"
"414",0.111111111111111,"m","Non-Student",NA,"m","EvoLang9",0.0340909090909091,NA,0,1,"Single"
"415",0.0833333333333333,"m","Student",NA,"a","EvoLang9",0.0227272727272727,NA,0,1,"Single"
"416",1,"m","Non-Student",NA,"w","EvoLang9",1,NA,0,1,"Single"
"417",0.666666666666667,"m","Non-Student",27,"w","EvoLang9",0.625,NA,0,1,"Single"
"418",0.25,"m","Student",NA,"m","EvoLang9",0.142045454545455,NA,0,1,"Single"
"419",0.333333333333333,"m","Non-Student",NA,"w","EvoLang9",0.227272727272727,NA,0,1,"Single"
"420",0.333333333333333,"m","Non-Student",NA,"a","EvoLang9",0.227272727272727,NA,0,1,"Single"
"422",0.166666666666667,"f","Student",NA,"w","EvoLang9",0.0738636363636364,NA,0,1,"Single"
"423",0.5,"m","Non-Student",NA,"a","EvoLang9",0.397727272727273,NA,0,1,"Single"
"424",0.666666666666667,"m","Non-Student",NA,"a","EvoLang9",0.625,NA,0,1,"Single"
"425",0.333333333333333,"m","Non-Student",NA,"a","EvoLang9",0.227272727272727,NA,0,1,"Single"
"426",0.5,"f","Student",NA,"w","EvoLang9",0.397727272727273,NA,0,1,"Single"
"427",0.722222222222222,"m","Student",30,"w","EvoLang9",0.678977272727273,NA,0,1,"Single"
"428",0.777777777777778,"f","Non-Student",NA,"w","EvoLang9",0.732954545454545,NA,0,1,"Single"
"429",0.833333333333333,"m","Student",38,"w","EvoLang9",0.829545454545455,NA,0,1,"Single"
"430",0.25,"m","Non-Student",NA,"w","EvoLang9",0.142045454545455,NA,0,1,"Single"
"431",0.583333333333333,"m","Non-Student",66,"a","EvoLang9",0.534090909090909,NA,0,1,"Single"
"432",0,"m","Non-Student",NA,"a","EvoLang9",0,NA,0,1,"Single"
"433",0.916666666666667,"m","Non-Student",NA,"a","EvoLang9",0.948863636363636,NA,0,1,"Single"
"434",0.833333333333333,"m","Non-Student",36,"w","EvoLang9",0.829545454545455,NA,0,1,"Single"
"435",0.5,"m","Student",NA,"a","EvoLang9",0.397727272727273,NA,0,1,"Single"
"436",0.25,"m","Student",NA,"w","EvoLang9",0.142045454545455,NA,0,1,"Single"
"437",0.5,"m","Non-Student",NA,"w","EvoLang9",0.397727272727273,NA,0,1,"Single"
"438",0.444444444444444,"m","Student",54,"w","EvoLang9",0.326704545454545,NA,0,1,"Single"
"439",0.583333333333333,"m","Student",7,"w","EvoLang9",0.534090909090909,NA,0,1,"Single"
"440",0.333333333333333,"m","Student",NA,"w","EvoLang9",0.227272727272727,NA,0,1,"Single"
"441",0.5,"f","Non-Student",NA,"w","EvoLang9",0.397727272727273,NA,0,1,"Single"
"442",0.444444444444444,"m","Non-Student",NA,"a","EvoLang9",0.326704545454545,NA,0,1,"Single"
"443",0.722222222222222,"m","Student",NA,"w","EvoLang9",0.678977272727273,NA,0,1,"Single"
"444",0.583333333333333,"f","Student",32,"w","EvoLang9",0.534090909090909,NA,0,1,"Single"
"445",0,"m","Student",NA,"a","EvoLang9",0,NA,0,1,"Single"
"446",0.833333333333333,"m","Non-Student",NA,"w","EvoLang9",0.829545454545455,NA,0,1,"Single"
"447",0.5,"m","Student",NA,"a","EvoLang9",0.397727272727273,NA,0,1,"Single"
"448",0.75,"m","Student",NA,"w","EvoLang9",0.704545454545455,NA,0,1,"Single"
"449",1,"m","Non-Student",12,"w","EvoLang9",1,NA,0,1,"Single"
"450",0.388888888888889,"m","Non-Student",NA,"a","EvoLang9",0.284090909090909,NA,0,1,"Single"
"451",0.75,"m","Non-Student",NA,"w","EvoLang9",0.704545454545455,NA,0,1,"Single"
"452",0.944444444444445,"m","Non-Student",NA,"w","EvoLang9",0.974431818181818,NA,0,1,"Single"
"453",0.833333333333333,"m","Student",59,"w","EvoLang9",0.829545454545455,NA,0,1,"Single"
"454",0.416666666666667,"m","Non-Student",NA,"w","EvoLang9",0.303977272727273,NA,0,1,"Single"
"455",0.25,"f","Non-Student",NA,"w","EvoLang9",0.142045454545455,NA,0,1,"Single"
"456",0.666666666666667,"m","Non-Student",NA,"w","EvoLang9",0.625,NA,0,1,"Single"
"457",1,"m","Non-Student",NA,"a","EvoLang9",1,NA,0,1,"Single"
"458",0.333333333333333,"m","Non-Student",NA,"w","EvoLang9",0.227272727272727,NA,0,1,"Single"
"459",0.333333333333333,"m","Non-Student",NA,"a","EvoLang9",0.227272727272727,NA,0,1,"Single"
"460",0.388888888888889,"m","Student",61,"w","EvoLang9",0.284090909090909,NA,0,1,"Single"
"461",0.222222222222222,"f","Student",32,"w","EvoLang9",0.110795454545455,NA,0,1,"Single"
"462",0.625,"m","Student",NA,"w","EvoLang9",0.59375,NA,0,1,"Single"
"463",0.833333333333333,"m","Non-Student",22,"w","EvoLang9",0.829545454545455,NA,0,1,"Single"
"464",0.666666666666667,"m","Non-Student",NA,"e","EvoLang9",0.625,NA,0,1,"Single"
"465",0.833333333333333,"m","Non-Student",67,"w","EvoLang9",0.829545454545455,NA,0,1,"Single"
"466",0.888888888888889,"f","Student",NA,"a","EvoLang9",0.914772727272727,NA,0,1,"Single"
"467",0.166666666666667,"m","Non-Student",NA,"a","EvoLang9",0.0738636363636364,NA,0,1,"Single"
"468",0.583333333333333,"f","Non-Student",NA,"a","EvoLang9",0.534090909090909,NA,0,1,"Single"
"469",0.222222222222222,"f","Non-Student",NA,"w","EvoLang9",0.110795454545455,NA,0,1,"Single"
"470",0.333333333333333,"m","Student",NA,"w","EvoLang9",0.227272727272727,NA,0,1,"Single"
"471",0.916666666666667,"f","Non-Student",NA,"a","EvoLang9",0.948863636363636,NA,0,1,"Single"
"472",1,"m","Student",24,"w","EvoLang9",1,NA,0,1,"Single"
"473",0.888888888888889,"f","Student",20,"w","EvoLang9",0.914772727272727,NA,0,1,"Single"
"474",0.388888888888889,"f","Non-Student",NA,"a","EvoLang9",0.284090909090909,NA,0,1,"Single"
"475",0.25,"f","Non-Student",NA,"a","EvoLang9",0.142045454545455,NA,0,1,"Single"
"476",0.111111111111111,"m","Non-Student",NA,"a","EvoLang9",0.0340909090909091,NA,0,1,"Single"
"477",1,"m","Non-Student",NA,"w","EvoLang9",1,NA,0,1,"Single"
"478",0.5,"f","Non-Student",51,"w","EvoLang9",0.397727272727273,NA,0,1,"Single"
"479",0.444444444444444,"m","Student",NA,"w","EvoLang9",0.326704545454545,NA,0,1,"Single"
"480",0.916666666666667,"m","Non-Student",NA,"a","EvoLang9",0.948863636363636,NA,0,1,"Single"
"481",0.166666666666667,"m","Student",NA,"w","EvoLang9",0.0738636363636364,NA,0,1,"Single"
"482",0.555555555555555,"m","Non-Student",68,"w","EvoLang9",0.480113636363636,NA,0,1,"Single"
"483",0.708333333333333,"m","Student",56,"w","EvoLang9",0.65625,NA,0,1,"Single"
"484",0.583333333333333,"m","Non-Student",NA,"w","EvoLang9",0.534090909090909,NA,0,1,"Single"
"485",0.5,"m","Non-Student",NA,"w","EvoLang9",0.397727272727273,NA,0,1,"Single"
"486",0.833333333333333,"f","Non-Student",NA,"a","EvoLang9",0.829545454545455,NA,0,1,"Single"
"487",0.333333333333333,"m","Non-Student",NA,"e","EvoLang9",0.227272727272727,NA,0,1,"Single"
"488",0.5,"m","Non-Student",NA,"w","EvoLang9",0.397727272727273,NA,0,1,"Single"
"489",0.5,"m","Non-Student",NA,"a","EvoLang9",0.397727272727273,NA,0,1,"Single"
"490",0.5,"f","Student",NA,"w","EvoLang9",0.397727272727273,NA,0,1,"Single"
"491",0.75,"m","Non-Student",NA,"w","EvoLang9",0.704545454545455,NA,0,1,"Single"
"492",0.666666666666667,"m","Student",44,"w","EvoLang9",0.625,NA,0,1,"Single"
"493",0.833333333333333,"m","Student",NA,"w","EvoLang9",0.829545454545455,NA,0,1,"Single"
"494",0.583333333333333,"m","Student",NA,"w","EvoLang9",0.534090909090909,NA,0,1,"Single"
"495",0.791666666666667,"m","Student",NA,"w","EvoLang9",0.755681818181818,NA,0,1,"Single"
"496",0.166666666666667,"m","Non-Student",NA,"w","EvoLang9",0.0738636363636364,NA,0,1,"Single"
"497",0.444444444444444,"m","Student",NA,"a","EvoLang9",0.326704545454545,NA,0,1,"Single"
"498",0.333333333333333,"m","Non-Student",NA,"w","EvoLang9",0.227272727272727,NA,0,1,"Single"
"499",0.5,"m","Non-Student",NA,"w","EvoLang9",0.397727272727273,NA,0,1,"Single"
"500",0.833333333333333,"m","Non-Student",NA,"a","EvoLang9",0.829545454545455,NA,0,1,"Single"
"501",0.5,"f","Non-Student",NA,"w","EvoLang9",0.397727272727273,NA,0,1,"Single"
"502",0.833333333333333,"m","Student",NA,"w","EvoLang9",0.829545454545455,NA,0,1,"Single"
"503",0.166666666666667,"f","Non-Student",NA,"a","EvoLang9",0.0738636363636364,NA,0,1,"Single"
"504",0.25,"m","Student",NA,"a","EvoLang9",0.142045454545455,NA,0,1,"Single"
"505",0.583333333333333,"f","Non-Student",2,"w","EvoLang9",0.534090909090909,NA,0,1,"Single"
"506",0.833333333333333,"f","Non-Student",2,"w","EvoLang9",0.829545454545455,NA,0,1,"Single"
"507",0.416666666666667,"m","Non-Student",NA,"w","EvoLang9",0.303977272727273,NA,0,1,"Single"
"508",0.625,"f","Student",NA,"a","EvoLang9",0.59375,NA,0,1,"Single"
"509",0.916666666666667,"f","Non-Student",NA,"a","EvoLang9",0.948863636363636,NA,0,1,"Single"
"510",0.583333333333333,"m","Non-Student",NA,"w","EvoLang9",0.534090909090909,NA,0,1,"Single"
"511",0.333333333333333,"m","Non-Student",NA,"a","EvoLang9",0.227272727272727,NA,0,1,"Single"
"512",0.5,"m","Non-Student",NA,"a","EvoLang9",0.397727272727273,NA,0,1,"Single"
"513",0.25,"f","Non-Student",NA,"w","EvoLang9",0.142045454545455,NA,0,1,"Single"
"514",0,"f","Non-Student",NA,"a","EvoLang9",0,NA,0,1,"Single"
"515",0.166666666666667,"f","Non-Student",NA,"a","EvoLang9",0.0738636363636364,NA,0,1,"Single"
"516",1,"m","Non-Student",NA,"w","EvoLang9",1,NA,0,1,"Single"
"517",0.833333333333333,"m","Non-Student",NA,"a","EvoLang9",0.829545454545455,NA,0,1,"Single"
"518",0.833333333333333,"f","Non-Student",NA,"a","EvoLang9",0.829545454545455,NA,0,1,"Single"
"519",0.583333333333333,"m","Non-Student",NA,"a","EvoLang9",0.534090909090909,NA,0,1,"Single"
"520",0.777777777777778,"m","Non-Student",NA,"w","EvoLang9",0.732954545454545,NA,0,1,"Single"
"521",0.166666666666667,"m","Student",NA,"a","EvoLang9",0.0738636363636364,NA,0,1,"Single"
"522",0.583333333333333,"m","Student",NA,"a","EvoLang9",0.534090909090909,NA,0,1,"Single"
"523",0.833333333333333,"m","Non-Student",NA,"e","EvoLang9",0.829545454545455,NA,0,1,"Single"
"524",0.5,"m","Non-Student",NA,"w","EvoLang9",0.397727272727273,NA,0,1,"Single"
"525",0.166666666666667,"f","Non-Student",NA,"a","EvoLang9",0.0738636363636364,NA,0,1,"Single"
"526",0.277777777777778,"m","Student",16,"w","EvoLang9",0.173295454545455,NA,0,1,"Single"
"527",0.833333333333333,"m","Student",NA,"w","EvoLang9",0.829545454545455,NA,0,1,"Single"
"528",0.333333333333333,"m","Non-Student",NA,"a","EvoLang9",0.227272727272727,NA,0,1,"Single"
"529",0.583333333333333,"f","Non-Student",NA,"w","EvoLang9",0.534090909090909,NA,0,1,"Single"
"530",0.555555555555555,"m","Non-Student",NA,"a","EvoLang9",0.480113636363636,NA,0,1,"Single"
"531",0.277777777777778,"f","Student",NA,"a","EvoLang9",0.173295454545455,NA,0,1,"Single"
"532",0.25,"m","Student",NA,"w","EvoLang9",0.142045454545455,NA,0,1,"Single"
"533",0.777777777777778,"m","Student",NA,"w","EvoLang9",0.732954545454545,NA,0,1,"Single"
"534",0.611111111111111,"m","Non-Student",NA,"a","EvoLang9",0.579545454545455,NA,0,1,"Single"
"535",0.583333333333333,"m","Student",NA,"w","EvoLang9",0.534090909090909,NA,0,1,"Single"
"536",0.666666666666667,"m","Student",NA,"w","EvoLang9",0.625,NA,0,1,"Single"
"537",0.555555555555555,"f","Student",NA,"w","EvoLang9",0.480113636363636,NA,0,1,"Single"
"538",0.833333333333333,"m","Non-Student",NA,"w","EvoLang9",0.829545454545455,NA,0,1,"Single"
"539",0.722222222222222,"m","Non-Student",NA,"w","EvoLang9",0.678977272727273,NA,0,1,"Single"
"540",0,"f","Non-Student",NA,"e","EvoLang9",0,NA,0,1,"Single"
"541",0.333333333333333,"f","Student",NA,"w","EvoLang9",0.227272727272727,NA,0,1,"Single"
"542",0.888888888888889,"f","Non-Student",18,"w","EvoLang9",0.914772727272727,NA,0,1,"Single"
"543",0.777777777777778,"f","Student",42,"a","EvoLang9",0.732954545454545,NA,0,1,"Single"
"544",0.111111111111111,"m","Non-Student",NA,"w","EvoLang9",0.0340909090909091,NA,0,1,"Single"
"545",0.916666666666667,"f","Non-Student",18,"w","EvoLang9",0.948863636363636,NA,0,1,"Single"
"546",0.722222222222222,"m","Student",3,"e","EvoLang9",0.678977272727273,NA,0,1,"Single"
"547",0.416666666666667,"m","Student",NA,"w","EvoLang9",0.303977272727273,NA,0,1,"Single"
"548",0.833333333333333,"m","Non-Student",NA,"a","EvoLang9",0.829545454545455,NA,0,1,"Single"
"549",0.833333333333333,"f","Non-Student",NA,"w","EvoLang9",0.829545454545455,NA,0,1,"Single"
"550",0.166666666666667,"f","Non-Student",NA,"a","EvoLang9",0.0738636363636364,NA,0,1,"Single"
"551",0.333333333333333,"f","Student",23,"w","EvoLang9",0.227272727272727,NA,0,1,"Single"
"552",0.166666666666667,"m","Non-Student",NA,"w","EvoLang9",0.0738636363636364,NA,0,1,"Single"
"553",0.5,"m","Student",NA,"a","EvoLang9",0.397727272727273,NA,0,1,"Single"
"554",0.416666666666667,"f","Student",NA,"a","EvoLang9",0.303977272727273,NA,0,1,"Single"
"555",0.944444444444445,"m","Non-Student",NA,"w","EvoLang9",0.974431818181818,NA,0,1,"Single"
"556",1,"m","Non-Student",NA,"w","EvoLang9",1,NA,0,1,"Single"
"557",0.722222222222222,"f","Student",51,"w","EvoLang9",0.678977272727273,NA,0,1,"Single"
"558",0.555555555555555,"m","Student",NA,"m","EvoLang9",0.480113636363636,NA,0,1,"Single"
"559",0.777777777777778,"m","Non-Student",43,"w","EvoLang9",0.732954545454545,NA,0,1,"Single"
"560",0.555555555555555,"f","Non-Student",70,"a","EvoLang9",0.480113636363636,NA,0,1,"Single"
"561",0.666666666666667,"f","Student",NA,"a","EvoLang9",0.625,NA,0,1,"Single"
"562",0.777777777777778,"m","Non-Student",55,"w","EvoLang9",0.732954545454545,NA,0,1,"Single"
"563",0.25,"m","Student",NA,"e","EvoLang9",0.142045454545455,NA,0,1,"Single"
"564",0.833333333333333,"f","Student",NA,"w","EvoLang9",0.829545454545455,NA,0,1,"Single"
"565",0.833333333333333,"m","Student",NA,"w","EvoLang9",0.829545454545455,NA,0,1,"Single"
"566",0.833333333333333,"f","Non-Student",25,"w","EvoLang9",0.829545454545455,NA,0,1,"Single"
"567",0.833333333333333,"m","Non-Student",NA,"w","EvoLang9",0.829545454545455,NA,0,1,"Single"
"568",0.333333333333333,"m","Non-Student",NA,"a","EvoLang9",0.227272727272727,NA,0,1,"Single"
"569",0.5,"m","Non-Student",NA,"w","EvoLang9",0.397727272727273,NA,0,1,"Single"
"570",0.666666666666667,"m","Non-Student",NA,"e","EvoLang9",0.625,NA,0,1,"Single"
"571",0.541666666666667,"f","Non-Student",NA,"w","EvoLang9",0.460227272727273,NA,0,1,"Single"
"572",0.166666666666667,"f","Non-Student",NA,"a","EvoLang9",0.0738636363636364,NA,0,1,"Single"
"573",0.555555555555555,"m","Non-Student",NA,"a","EvoLang9",0.480113636363636,NA,0,1,"Single"
"574",0.5,"m","Non-Student",NA,"w","EvoLang9",0.397727272727273,NA,0,1,"Single"
"575",0.708333333333333,"m","Student",61,"w","EvoLang9",0.65625,NA,0,1,"Single"
"576",0.777777777777778,"f","Non-Student",NA,"a","EvoLang9",0.732954545454545,NA,0,1,"Single"
"577",0.333333333333333,"f","Non-Student",NA,"a","EvoLang9",0.227272727272727,NA,0,1,"Single"
"578",0.5,"f","Student",NA,"w","EvoLang9",0.397727272727273,NA,0,1,"Single"
"1",0.666666666666667,"f","Non-Student",49,"w","EvoLang10",0.534818941504178,NA,1,1,"Single"
"2",0.666666666666667,"m","Student",61,"w","EvoLang10",0.534818941504178,NA,1,2,"Single"
"3",0.666666666666667,"m","Non-Student",NA,"w","EvoLang10",0.534818941504178,NA,1,1,"Single"
"4",0.666666666666667,"f","Non-Student",NA,"a","EvoLang10",0.534818941504178,NA,1,1,"Single"
"5",0.5,"m","Non-Student",67,"w","EvoLang10",0.272980501392758,NA,1,2,"Single"
"6",0.556666666666667,"m","Non-Student",NA,"w","EvoLang10",0.362116991643454,NA,1,1,"Single"
"7",0.556666666666667,"m","Student",56,"w","EvoLang10",0.362116991643454,NA,1,2,"Single"
"8",0.556666666666667,"m","Student",58,"w","EvoLang10",0.362116991643454,NA,1,1,"Single"
"9",0.556666666666667,"m","Non-Student",NA,"w","EvoLang10",0.362116991643454,NA,1,1,"Single"
"10",0.443333333333333,"f","Non-Student",21,"w","EvoLang10",0.222841225626741,NA,1,1,"Single"
"11",0.776666666666667,"m","Student",50,"w","EvoLang10",0.690807799442897,NA,1,1,"Single"
"12",0.776666666666667,"f","Non-Student",NA,"w","EvoLang10",0.690807799442897,NA,1,1,"Single"
"13",0.556666666666667,"f","Non-Student",26,"w","EvoLang10",0.362116991643454,NA,1,1,"Single"
"14",0.556666666666667,"f","Student",39,"w","EvoLang10",0.362116991643454,NA,1,1,"Single"
"15",0.556666666666667,"m","Student",38,"w","EvoLang10",0.362116991643454,NA,1,2,"Single"
"16",0.443333333333333,"m","Non-Student",36,"w","EvoLang10",0.222841225626741,NA,1,2,"Single"
"17",0.666666666666667,"m","Non-Student",NA,"w","EvoLang10",0.534818941504178,NA,1,1,"Single"
"18",0.666666666666667,"f","Non-Student",45,"w","EvoLang10",0.534818941504178,NA,1,1,"Single"
"19",0.666666666666667,"m","Non-Student",65,"w","EvoLang10",0.534818941504178,NA,1,1,"Single"
"20",0.666666666666667,"m","Student",54,"w","EvoLang10",0.534818941504178,NA,1,2,"Single"
"21",0.666666666666667,"f","Non-Student",NA,"w","EvoLang10",0.534818941504178,NA,1,1,"Single"
"22",0.666666666666667,"m","Student",NA,"w","EvoLang10",0.534818941504178,NA,1,1,"Single"
"23",0.666666666666667,"f","Non-Student",4,"w","EvoLang10",0.534818941504178,NA,1,1,"Single"
"24",0.666666666666667,"m","Non-Student",NA,"w","EvoLang10",0.534818941504178,NA,1,1,"Single"
"25",0.333333333333333,"f","Non-Student",18,"w","EvoLang10",0.142061281337047,NA,1,2,"Single"
"26",0.333333333333333,"m","Student",3,"e","EvoLang10",0.142061281337047,NA,1,2,"Single"
"27",0.833333333333333,"m","Non-Student",52,"w","EvoLang10",0.763231197771588,NA,1,1,"Single"
"28",0.833333333333333,"m","Student",38,"w","EvoLang10",0.763231197771588,NA,1,2,"Single"
"29",0.916666666666667,"f","Student",20,"w","EvoLang10",0.933147632311978,NA,1,2,"Single"
"30",0.75,"f","Non-Student",NA,"w","EvoLang10",0.623955431754875,NA,1,1,"Single"
"31",0.89,"m","Non-Student",22,"w","EvoLang10",0.84958217270195,NA,1,2,"Single"
"32",0.89,"m","Non-Student",28,"w","EvoLang10",0.84958217270195,NA,1,1,"Single"
"33",0.89,"m","Non-Student",68,"w","EvoLang10",0.84958217270195,NA,1,2,"Single"
"34",0.89,"f","Student",23,"w","EvoLang10",0.84958217270195,NA,1,2,"Single"
"35",0.89,"m","Non-Student",NA,"w","EvoLang10",0.84958217270195,NA,1,1,"Single"
"36",0.89,"m","Student",47,"w","EvoLang10",0.84958217270195,NA,1,1,"Single"
"37",0.89,"m","Non-Student",NA,"w","EvoLang10",0.84958217270195,NA,1,1,"Single"
"38",0.89,"m","Non-Student",14,"w","EvoLang10",0.84958217270195,NA,1,1,"Single"
"39",0.89,"m","Non-Student",55,"w","EvoLang10",0.84958217270195,NA,1,2,"Single"
"40",0.89,"f","Non-Student",NA,"w","EvoLang10",0.84958217270195,NA,1,1,"Single"
"41",0.89,"f","Non-Student",25,"w","EvoLang10",0.84958217270195,NA,1,2,"Single"
"42",0.89,"m","Non-Student",12,"w","EvoLang10",0.84958217270195,NA,1,2,"Single"
"43",0.89,"m","Student",NA,"w","EvoLang10",0.84958217270195,NA,1,1,"Single"
"44",0.89,"m","Non-Student",NA,"w","EvoLang10",0.84958217270195,NA,1,1,"Single"
"45",0.89,"f","Non-Student",13,"w","EvoLang10",0.84958217270195,NA,1,1,"Single"
"46",0.89,"m","Non-Student",17,"w","EvoLang10",0.84958217270195,NA,1,1,"Single"
"47",0.89,"m","Non-Student",NA,"w","EvoLang10",0.84958217270195,NA,1,1,"Single"
"48",0.89,"m","Student",NA,"w","EvoLang10",0.84958217270195,NA,1,1,"Single"
"49",0.776666666666667,"m","Student",NA,"w","EvoLang10",0.690807799442897,NA,1,1,"Single"
"50",0.776666666666667,"m","Student",1,"w","EvoLang10",0.690807799442897,NA,1,1,"Single"
"51",0.776666666666667,"m","Student",16,"w","EvoLang10",0.690807799442897,NA,1,2,"Single"
"52",0.776666666666667,"m","Student",9,"w","EvoLang10",0.690807799442897,NA,1,1,"Single"
"53",0.776666666666667,"m","Student",24,"w","EvoLang10",0.690807799442897,NA,1,2,"Single"
"54",0.776666666666667,"m","Non-Student",64,"w","EvoLang10",0.690807799442897,NA,1,1,"Single"
"55",0.776666666666667,"m","Non-Student",41,"w","EvoLang10",0.690807799442897,NA,1,1,"Single"
"56",0.776666666666667,"m","Student",8,"w","EvoLang10",0.690807799442897,NA,1,1,"Single"
"57",0.776666666666667,"f","Non-Student",2,"w","EvoLang10",0.690807799442897,NA,1,2,"Single"
"58",0.556666666666667,"m","Student",44,"w","EvoLang10",0.362116991643454,NA,1,2,"Single"
"59",0.556666666666667,"m","Non-Student",NA,"e","EvoLang10",0.362116991643454,NA,1,1,"Single"
"60",0.556666666666667,"f","Student",42,"a","EvoLang10",0.362116991643454,NA,1,2,"Single"
"61",0.556666666666667,"f","Non-Student",NA,"w","EvoLang10",0.362116991643454,NA,1,1,"Single"
"62",0.11,"m","Student",NA,"w","EvoLang10",0.0473537604456825,NA,1,1,"Single"
"63",1,"f","Non-Student",2,"w","EvoLang10",1,NA,1,2,"Single"
"64",1,"f","Student",48,"w","EvoLang10",1,NA,1,1,"Single"
"65",1,"m","Non-Student",NA,"w","EvoLang10",1,NA,1,1,"Single"
"66",1,"m","Student",6,"w","EvoLang10",1,NA,1,1,"Single"
"67",1,"f","Student",19,"w","EvoLang10",1,NA,1,1,"Single"
"68",1,"m","Student",7,"w","EvoLang10",1,NA,1,2,"Single"
"69",1,"f","Non-Student",5,"w","EvoLang10",1,NA,1,1,"Single"
"70",1,"f","Non-Student",NA,"w","EvoLang10",1,NA,1,1,"Single"
"71",1,"f","Non-Student",25,"w","EvoLang10",1,NA,1,2,"Single"
"72",0.666666666666667,"m","Student",NA,"w","EvoLang10",0.534818941504178,NA,1,1,"Single"
"73",0.666666666666667,"m","Non-Student",8,"w","EvoLang10",0.534818941504178,NA,1,1,"Single"
"74",0.666666666666667,"m","Student",7,"w","EvoLang10",0.534818941504178,NA,1,2,"Single"
"75",0.666666666666667,"f","Student",NA,"w","EvoLang10",0.534818941504178,NA,1,1,"Single"
"76",0.5,"m","Non-Student",59,"w","EvoLang10",0.272980501392758,NA,1,2,"Single"
"77",0.583333333333333,"m","Non-Student",NA,"w","EvoLang10",0.448467966573816,NA,1,1,"Single"
"78",0.556666666666667,"f","Non-Student",53,"w","EvoLang10",0.362116991643454,NA,1,1,"Single"
"79",0.556666666666667,"m","Non-Student",57,"w","EvoLang10",0.362116991643454,NA,1,1,"Single"
"80",0.556666666666667,"m","Non-Student",NA,"a","EvoLang10",0.362116991643454,NA,1,1,"Single"
"81",0.443333333333333,"m","Non-Student",63,"w","EvoLang10",0.222841225626741,NA,1,1,"Single"
"82",0.443333333333333,"f","Non-Student",NA,"w","EvoLang10",0.222841225626741,NA,1,1,"Single"
"83",0.443333333333333,"m","Student",NA,"w","EvoLang10",0.222841225626741,NA,1,1,"Single"
"84",0.443333333333333,"m","Student",NA,"w","EvoLang10",0.222841225626741,NA,1,1,"Single"
"85",0.833333333333333,"f","Non-Student",NA,"w","EvoLang10",0.763231197771588,NA,1,1,"Single"
"86",0.75,"f","Non-Student",NA,"w","EvoLang10",0.623955431754875,NA,1,1,"Single"
"87",0.776666666666667,"m","Non-Student",43,"w","EvoLang10",0.690807799442897,NA,1,2,"Single"
"88",0.776666666666667,"f","Non-Student",NA,"e","EvoLang10",0.690807799442897,NA,1,1,"Single"
"89",0.776666666666667,"m","Non-Student",NA,"w","EvoLang10",0.690807799442897,NA,1,1,"Single"
"90",0.556666666666667,"m","Non-Student",NA,"e","EvoLang10",0.362116991643454,NA,1,1,"Single"
"91",0.556666666666667,"m","Non-Student",NA,"w","EvoLang10",0.362116991643454,NA,1,1,"Single"
"93",0.556666666666667,"f","Student",72,"a","EvoLang10",0.362116991643454,NA,1,1,"Single"
"94",0.556666666666667,"f","Non-Student",NA,"w","EvoLang10",0.362116991643454,NA,1,1,"Single"
"95",0.443333333333333,"m","Non-Student",NA,"w","EvoLang10",0.222841225626741,NA,1,1,"Single"
"96",0.223333333333333,"f","Non-Student",NA,"w","EvoLang10",0.0947075208913649,NA,1,1,"Single"
"97",0.223333333333333,"m","Non-Student",NA,"w","EvoLang10",0.0947075208913649,NA,1,1,"Single"
"98",0.223333333333333,"m","Non-Student",NA,"e","EvoLang10",0.0947075208913649,NA,1,1,"Single"
"99",0.223333333333333,"f","Non-Student",NA,"w","EvoLang10",0.0947075208913649,NA,1,1,"Single"
"100",0.666666666666667,"f","Non-Student",NA,"a","EvoLang10",0.534818941504178,NA,1,1,"Single"
"101",0.666666666666667,"f","Non-Student",29,"w","EvoLang10",0.534818941504178,NA,1,1,"Single"
"102",0.666666666666667,"m","Non-Student",NA,"w","EvoLang10",0.534818941504178,NA,1,1,"Single"
"103",0.666666666666667,"m","Non-Student",30,"w","EvoLang10",0.534818941504178,NA,1,2,"Single"
"104",0.666666666666667,"m","Non-Student",NA,"w","EvoLang10",0.534818941504178,NA,1,1,"Single"
"105",0.666666666666667,"m","Non-Student",NA,"w","EvoLang10",0.534818941504178,NA,1,1,"Single"
"106",0.666666666666667,"f","Non-Student",NA,"w","EvoLang10",0.534818941504178,NA,1,1,"Single"
"107",0.666666666666667,"m","Non-Student",NA,"w","EvoLang10",0.534818941504178,NA,1,1,"Single"
"108",0.666666666666667,"f","Student",32,"w","EvoLang10",0.534818941504178,NA,1,2,"Single"
"109",0.333333333333333,"m","Non-Student",NA,"a","EvoLang10",0.142061281337047,NA,1,1,"Single"
"110",0.333333333333333,"f","Student",NA,"w","EvoLang10",0.142061281337047,NA,1,1,"Single"
"111",0.333333333333333,"m","Non-Student",69,"w","EvoLang10",0.142061281337047,NA,1,1,"Single"
"112",0.333333333333333,"m","Non-Student",NA,"w","EvoLang10",0.142061281337047,NA,1,1,"Single"
"113",0.333333333333333,"m","Non-Student",NA,"m","EvoLang10",0.142061281337047,NA,1,1,"Single"
"114",0.333333333333333,"m","Non-Student",NA,"w","EvoLang10",0.142061281337047,NA,1,1,"Single"
"115",0.333333333333333,"f","Non-Student",NA,"w","EvoLang10",0.142061281337047,NA,1,1,"Single"
"116",0.333333333333333,"m","Non-Student",NA,"a","EvoLang10",0.142061281337047,NA,1,1,"Single"
"117",0.833333333333333,"m","Non-Student",62,"a","EvoLang10",0.763231197771588,NA,1,1,"Single"
"118",0.916666666666667,"f","Non-Student",71,"w","EvoLang10",0.933147632311978,NA,1,1,"Single"
"119",0.916666666666667,"m","Non-Student",33,"w","EvoLang10",0.933147632311978,NA,1,1,"Single"
"120",0.416666666666667,"f","Non-Student",51,"w","EvoLang10",0.175487465181058,NA,1,2,"Single"
"121",0.0833333333333333,"m","Non-Student",NA,"w","EvoLang10",0.0139275766016713,NA,1,1,"Single"
"122",0.89,"m","Non-Student",NA,"w","EvoLang10",0.84958217270195,NA,1,1,"Single"
"123",0.89,"m","Non-Student",NA,"w","EvoLang10",0.84958217270195,NA,1,1,"Single"
"124",0.89,"m","Non-Student",10,"w","EvoLang10",0.84958217270195,NA,1,1,"Single"
"125",0.89,"m","Non-Student",NA,"w","EvoLang10",0.84958217270195,NA,1,1,"Single"
"126",0.89,"m","Student",NA,"w","EvoLang10",0.84958217270195,NA,1,1,"Single"
"127",0.89,"m","Student",NA,"w","EvoLang10",0.84958217270195,NA,1,1,"Single"
"128",0.89,"f","Non-Student",NA,"a","EvoLang10",0.84958217270195,NA,1,1,"Single"
"129",0.89,"m","Student",NA,"m","EvoLang10",0.84958217270195,NA,1,1,"Single"
"130",0.89,"m","Non-Student",30,"w","EvoLang10",0.84958217270195,NA,1,2,"Single"
"131",0.776666666666667,"f","Non-Student",NA,"w","EvoLang10",0.690807799442897,NA,1,1,"Single"
"132",0.776666666666667,"m","Non-Student",NA,"w","EvoLang10",0.690807799442897,NA,1,1,"Single"
"133",0.776666666666667,"m","Non-Student",NA,"e","EvoLang10",0.690807799442897,NA,1,1,"Single"
"134",0.776666666666667,"m","Non-Student",NA,"a","EvoLang10",0.690807799442897,NA,1,1,"Single"
"135",0.776666666666667,"f","Non-Student",11,"w","EvoLang10",0.690807799442897,NA,1,1,"Single"
"136",0.776666666666667,"m","Non-Student",NA,"w","EvoLang10",0.690807799442897,NA,1,1,"Single"
"137",0.776666666666667,"f","Student",32,"w","EvoLang10",0.690807799442897,NA,1,2,"Single"
"138",0.776666666666667,"m","Non-Student",NA,"e","EvoLang10",0.690807799442897,NA,1,1,"Single"
"139",0.556666666666667,"m","Non-Student",NA,"o","EvoLang10",0.362116991643454,NA,1,1,"Single"
"140",0.556666666666667,"m","Non-Student",27,"w","EvoLang10",0.362116991643454,NA,1,2,"Single"
"141",0.556666666666667,"m","Non-Student",NA,"a","EvoLang10",0.362116991643454,NA,1,1,"Single"
"142",0.556666666666667,"f","Non-Student",NA,"a","EvoLang10",0.362116991643454,NA,1,1,"Single"
"143",0.556666666666667,"f","Non-Student",70,"a","EvoLang10",0.362116991643454,NA,1,2,"Single"
"144",0.556666666666667,"m","Non-Student",NA,"w","EvoLang10",0.362116991643454,NA,1,1,"Single"
"145",0.556666666666667,"f","Non-Student",40,"w","EvoLang10",0.362116991643454,NA,1,1,"Single"
"146",0.556666666666667,"f","Non-Student",NA,"w","EvoLang10",0.362116991643454,NA,1,1,"Single"
"147",0.556666666666667,"f","Non-Student",35,"w","EvoLang10",0.362116991643454,NA,1,1,"Single"
"148",0.556666666666667,"m","Non-Student",NA,"w","EvoLang10",0.362116991643454,NA,1,1,"Single"
"149",0.556666666666667,"m","Non-Student",NA,"w","EvoLang10",0.362116991643454,NA,1,1,"Single"
"150",0.443333333333333,"m","Non-Student",NA,"w","EvoLang10",0.222841225626741,NA,1,1,"Single"
"151",0.443333333333333,"m","Non-Student",NA,"a","EvoLang10",0.222841225626741,NA,1,1,"Single"
"152",0.443333333333333,"m","Non-Student",NA,"w","EvoLang10",0.222841225626741,NA,1,1,"Single"
"153",0.443333333333333,"f","Non-Student",NA,"w","EvoLang10",0.222841225626741,NA,1,1,"Single"
"154",0.443333333333333,"m","Non-Student",60,"w","EvoLang10",0.222841225626741,NA,1,1,"Single"
"155",0.443333333333333,"m","Non-Student",NA,"w","EvoLang10",0.222841225626741,NA,1,1,"Single"
"156",0.443333333333333,"f","Non-Student",NA,"w","EvoLang10",0.222841225626741,NA,1,1,"Single"
"157",0.443333333333333,"f","Non-Student",NA,"w","EvoLang10",0.222841225626741,NA,1,1,"Single"
"158",0.443333333333333,"m","Non-Student",NA,"w","EvoLang10",0.222841225626741,NA,1,1,"Single"
"159",0.223333333333333,"f","Non-Student",NA,"w","EvoLang10",0.0947075208913649,NA,1,1,"Single"
"160",0.223333333333333,"f","Non-Student",NA,"e","EvoLang10",0.0947075208913649,NA,1,1,"Single"
"161",0.11,"m","Non-Student",NA,"w","EvoLang10",0.0473537604456825,NA,1,1,"Single"
"162",0.11,"m","Non-Student",NA,"w","EvoLang10",0.0473537604456825,NA,1,1,"Single"
"163",0.11,"m","Non-Student",NA,"w","EvoLang10",0.0473537604456825,NA,1,1,"Single"
"164",0.11,"m","Non-Student",NA,"w","EvoLang10",0.0473537604456825,NA,1,1,"Single"
"165",0.11,"m","Non-Student",66,"a","EvoLang10",0.0473537604456825,NA,1,2,"Single"
"166",0.11,"f","Non-Student",NA,"w","EvoLang10",0.0473537604456825,NA,1,1,"Single"
"167",0.11,"m","Non-Student",NA,"w","EvoLang10",0.0473537604456825,NA,1,1,"Single"
"168",0.11,"m","Non-Student",NA,"w","EvoLang10",0.0473537604456825,NA,1,1,"Single"
"169",0.11,"m","Student",NA,"a","EvoLang10",0.0473537604456825,NA,1,1,"Single"
"170",0.11,"f","Non-Student",NA,"w","EvoLang10",0.0473537604456825,NA,1,1,"Single"
"171",1,"f","Non-Student",37,"w","EvoLang10",1,NA,1,1,"Single"
"172",1,"f","Non-Student",NA,"w","EvoLang10",1,NA,1,1,"Single"
"173",1,"m","Non-Student",NA,"e","EvoLang10",1,NA,1,1,"Single"
"174",1,"f","Non-Student",NA,"w","EvoLang10",1,NA,1,1,"Single"
"175",1,"f","Non-Student",NA,"w","EvoLang10",1,NA,1,1,"Single"
"176",1,"f","Non-Student",31,"w","EvoLang10",1,NA,1,1,"Single"
"177",1,"m","Non-Student",NA,"e","EvoLang10",1,NA,1,1,"Single"
"178",1,"m","Non-Student",NA,"w","EvoLang10",1,NA,1,1,"Single"
"179",1,"m","Non-Student",NA,"w","EvoLang10",1,NA,1,1,"Single"
"180",1,"f","Student",NA,"a","EvoLang10",1,NA,1,1,"Single"
"181",1,"m","Non-Student",NA,"w","EvoLang10",1,NA,1,1,"Single"
"182",1,"m","Non-Student",34,"a","EvoLang10",1,NA,1,1,"Single"
"183",0.666666666666667,"m","Non-Student",46,"w","EvoLang10",0.534818941504178,NA,1,1,"Single"
"184",0.666666666666667,"f","Non-Student",15,"w","EvoLang10",0.534818941504178,NA,1,1,"Single"
"185",0.666666666666667,"m","Non-Student",NA,"w","EvoLang10",0.534818941504178,NA,1,1,"Single"
"186",0.666666666666667,"m","Non-Student",NA,"w","EvoLang10",0.534818941504178,NA,1,1,"Single"
"187",0.666666666666667,"m","Non-Student",NA,"w","EvoLang10",0.534818941504178,NA,1,1,"Single"
"188",0.333333333333333,"m","Non-Student",NA,"w","EvoLang10",0.142061281337047,NA,1,1,"Single"
"189",0,"m","Non-Student",NA,"w","EvoLang10",0,NA,1,1,"Single"
"190",0,"m","Non-Student",73,"a","EvoLang10",0,NA,1,2,"Single"
"191",0,"m","Non-Student",NA,"a","EvoLang10",0,NA,1,1,"Single"
"192",0,"f","Non-Student",NA,"w","EvoLang10",0,NA,1,1,"Single"
"193",0.944444444444445,"m","Student",NA,"w","EvoLang11",0.881188118811881,0.677666448764675,2,1,"Double"
"194",1,"m","Non-Student",1,"w","EvoLang11",0.938118811881188,0.568842268842269,2,2,"Double"
"195",1,"f","Non-Student",2,"w","EvoLang11",0.938118811881188,0.575757575757576,2,3,"Double"
"196",1,"m","Non-Student",3,"e","EvoLang11",0.938118811881188,0.696927344726087,2,3,"Double"
"197",1,"f","Non-Student",4,"w","EvoLang11",0.938118811881188,0.49845513963161,2,2,"Double"
"198",1,"f","Non-Student",5,"w","EvoLang11",0.938118811881188,0.57225745830397,2,2,"Double"
"199",1,"m","Non-Student",6,"w","EvoLang11",0.938118811881188,0.602557627557628,2,2,"Double"
"200",1,"m","Non-Student",7,"w","EvoLang11",0.938118811881188,0.650393631525707,2,3,"Double"
"201",1,"m","Student",8,"w","EvoLang11",0.938118811881188,0.571212121212121,2,2,"Double"
"202",1,"m","Student",9,"w","EvoLang11",0.938118811881188,0.693897041695784,2,2,"Double"
"203",1,"f","Student",NA,"w","EvoLang11",0.938118811881188,0.581503767550279,2,1,"Double"
"204",0.916666666666667,"f","Student",NA,"w","EvoLang11",0.829207920792079,0.56,2,1,"Double"
"205",0.944444444444445,"f","Student",NA,"w","EvoLang11",0.881188118811881,0.685185185185185,2,1,"Double"
"206",0.944444444444445,"f","Non-Student",NA,"w","EvoLang11",0.881188118811881,0.645787545787546,2,1,"Double"
"207",0.944444444444445,"m","Non-Student",10,"w","EvoLang11",0.881188118811881,0.669082357971247,2,2,"Double"
"208",0.944444444444445,"f","Student",11,"w","EvoLang11",0.881188118811881,0.621212121212121,2,2,"Double"
"209",0.944444444444445,"f","Student",NA,"w","EvoLang11",0.881188118811881,0.483368569415081,2,1,"Double"
"210",0.944444444444445,"f","Student",NA,"m","EvoLang11",0.881188118811881,0.50601185928917,2,1,"Double"
"211",0.944444444444445,"f","Non-Student",NA,"a","EvoLang11",0.881188118811881,0.75,2,1,"Double"
"212",0.944444444444445,"f","Non-Student",NA,"w","EvoLang11",0.881188118811881,0.610305171019457,2,1,"Double"
"213",0.833333333333333,"m","Non-Student",12,"w","EvoLang11",0.685643564356436,0.567474747474747,2,3,"Double"
"214",0.944444444444445,"f","Student",NA,"w","EvoLang11",0.881188118811881,0.504040404040404,2,1,"Double"
"215",0.944444444444445,"f","Student",NA,"w","EvoLang11",0.881188118811881,0.571212121212121,2,1,"Double"
"216",0.944444444444445,"f","Non-Student",13,"w","EvoLang11",0.881188118811881,0.673220098469268,2,2,"Double"
"217",0.944444444444445,"m","Non-Student",NA,"a","EvoLang11",0.881188118811881,0.658333333333333,2,1,"Double"
"218",0.888888888888889,"m","Non-Student",14,"w","EvoLang11",0.782178217821782,0.696927344726087,2,2,"Double"
"219",0.916666666666667,"m","Non-Student",NA,"w","EvoLang11",0.829207920792079,0.676687917253955,2,1,"Double"
"220",0.916666666666667,"f","Non-Student",15,"w","EvoLang11",0.829207920792079,0.623313131313131,2,2,"Double"
"221",0.916666666666667,"m","Student",16,"w","EvoLang11",0.829207920792079,0.620453514739229,2,3,"Double"
"222",0.916666666666667,"f","Student",NA,"w","EvoLang11",0.829207920792079,0.642181672913824,2,1,"Double"
"223",0.916666666666667,"m","Non-Student",17,"w","EvoLang11",0.829207920792079,0.597727272727273,2,2,"Double"
"224",0.916666666666667,"f","Non-Student",18,"w","EvoLang11",0.829207920792079,0.493030303030303,2,3,"Double"
"225",0.916666666666667,"f","Student",NA,"e","EvoLang11",0.829207920792079,0.635018620402561,2,1,"Double"
"226",0.833333333333333,"f","Student",19,"w","EvoLang11",0.685643564356436,0.785714285714286,2,2,"Double"
"227",0.888888888888889,"m","Non-Student",NA,"w","EvoLang11",0.782178217821782,0.627557627557628,2,1,"Double"
"228",0.888888888888889,"f","Student",NA,"e","EvoLang11",0.782178217821782,0.549747474747475,2,1,"Double"
"229",0.888888888888889,"f","Non-Student",20,"w","EvoLang11",0.782178217821782,0.490848157444796,2,3,"Double"
"230",0.888888888888889,"f","Non-Student",21,"w","EvoLang11",0.782178217821782,0.530909090909091,2,2,"Double"
"231",0.888888888888889,"f","Student",NA,"m","EvoLang11",0.782178217821782,0.655225726654298,2,1,"Double"
"232",0.833333333333333,"m","Non-Student",22,"w","EvoLang11",0.685643564356436,0.684581665713741,2,3,"Double"
"233",0.888888888888889,"f","Non-Student",23,"w","EvoLang11",0.782178217821782,0.624851339137053,2,3,"Double"
"234",0.888888888888889,"m","Non-Student",NA,"w","EvoLang11",0.782178217821782,0.63973063973064,2,1,"Double"
"235",0.777777777777778,"f","Non-Student",NA,"w","EvoLang11",0.586633663366337,0.811320754716981,2,1,"Double"
"236",0.833333333333333,"m","Non-Student",7,"w","EvoLang11",0.685643564356436,0.572932373316314,2,3,"Double"
"237",0.888888888888889,"m","Non-Student",24,"w","EvoLang11",0.782178217821782,0.62044232069149,2,3,"Double"
"238",0.833333333333333,"f","Non-Student",NA,"w","EvoLang11",0.685643564356436,0.419197446420429,2,1,"Double"
"239",0.888888888888889,"f","Student",NA,"w","EvoLang11",0.782178217821782,0.624449779911965,2,1,"Double"
"240",0.888888888888889,"f","Student",NA,"w","EvoLang11",0.782178217821782,0.811320754716981,2,1,"Double"
"241",0.833333333333333,"f","Non-Student",NA,"w","EvoLang11",0.685643564356436,0.610136246182758,2,1,"Double"
"242",0.777777777777778,"m","Non-Student",NA,"w","EvoLang11",0.586633663366337,0.567474747474747,2,1,"Double"
"243",0.875,"m","Non-Student",NA,"w","EvoLang11",0.752475247524752,0.673015873015873,2,1,"Double"
"244",0.791666666666667,"f","Non-Student",25,"w","EvoLang11",0.618811881188119,0.547474747474747,2,3,"Double"
"245",0.833333333333333,"f","Non-Student",2,"w","EvoLang11",0.685643564356436,0.575757575757576,2,3,"Double"
"246",0.777777777777778,"f","Non-Student",26,"w","EvoLang11",0.586633663366337,0.663078677144161,2,2,"Double"
"247",0.777777777777778,"m","Non-Student",27,"w","EvoLang11",0.586633663366337,0.777777777777778,2,3,"Double"
"248",0.833333333333333,"m","Non-Student",27,"w","EvoLang11",0.685643564356436,0.663199827734711,2,3,"Double"
"249",0.833333333333333,"f","Non-Student",NA,"w","EvoLang11",0.685643564356436,0.483100613982967,2,1,"Double"
"250",0.833333333333333,"f","Student",NA,"w","EvoLang11",0.685643564356436,0.693897041695784,2,1,"Double"
"251",0.833333333333333,"m","Non-Student",28,"w","EvoLang11",0.685643564356436,0.684045121545122,2,2,"Double"
"252",0.833333333333333,"m","Non-Student",NA,"e","EvoLang11",0.685643564356436,0.680813830441737,2,1,"Double"
"253",0.833333333333333,"f","Student",29,"e","EvoLang11",0.685643564356436,0.653321678321678,2,2,"Double"
"254",0.833333333333333,"m","Student",30,"w","EvoLang11",0.685643564356436,0.675204225453395,2,3,"Double"
"255",0.833333333333333,"f","Non-Student",NA,"w","EvoLang11",0.685643564356436,0.452214960058097,2,1,"Double"
"256",0.833333333333333,"f","Student",31,"w","EvoLang11",0.685643564356436,0.615569512248758,2,2,"Double"
"257",0.666666666666667,"m","Non-Student",NA,"w","EvoLang11",0.398514851485149,0.703703703703704,2,1,"Double"
"258",0.722222222222222,"f","Non-Student",32,"w","EvoLang11",0.48019801980198,0.615691801738313,2,3,"Double"
"259",0.833333333333333,"m","Student",33,"w","EvoLang11",0.685643564356436,0.448841354723708,2,2,"Double"
"260",0.777777777777778,"m","Non-Student",NA,"w","EvoLang11",0.586633663366337,0.602557627557628,2,1,"Double"
"261",0.833333333333333,"m","Non-Student",34,"a","EvoLang11",0.685643564356436,0.603030303030303,2,2,"Double"
"262",0.833333333333333,"m","Non-Student",NA,"w","EvoLang11",0.685643564356436,0.675252525252525,2,1,"Double"
"263",0.833333333333333,"f","Non-Student",35,"w","EvoLang11",0.685643564356436,0.432051282051282,2,2,"Double"
"264",0.833333333333333,"m","Non-Student",36,"w","EvoLang11",0.685643564356436,0.719198790627362,2,3,"Double"
"265",0.833333333333333,"m","Student",NA,"w","EvoLang11",0.685643564356436,0.680735930735931,2,1,"Double"
"266",0.666666666666667,"f","Student",37,"w","EvoLang11",0.398514851485149,0.614521281187948,2,2,"Double"
"267",0.833333333333333,"m","Non-Student",NA,"w","EvoLang11",0.685643564356436,0.703069217604101,2,1,"Double"
"268",0.833333333333333,"f","Student",NA,"w","EvoLang11",0.685643564356436,0.566666666666667,2,1,"Double"
"269",0.75,"m","Non-Student",NA,"w","EvoLang11",0.537128712871287,0.589131701631702,2,1,"Double"
"270",0.777777777777778,"f","Student",NA,"w","EvoLang11",0.586633663366337,0.735149572649573,2,1,"Double"
"271",0.75,"m","Student",NA,"m","EvoLang11",0.537128712871287,0.462545018007203,2,1,"Double"
"272",0.75,"m","Non-Student",NA,"w","EvoLang11",0.537128712871287,0.669672520170859,2,1,"Double"
"273",0.833333333333333,"f","Student",19,"w","EvoLang11",0.685643564356436,0.654040404040404,2,2,"Double"
"274",0.722222222222222,"m","Student",38,"w","EvoLang11",0.48019801980198,0.62044232069149,2,3,"Double"
"275",0.833333333333333,"m","Non-Student",NA,"e","EvoLang11",0.685643564356436,0.707985958753839,2,1,"Double"
"276",0.777777777777778,"m","Non-Student",NA,"w","EvoLang11",0.586633663366337,0.755489284367865,2,1,"Double"
"277",0.777777777777778,"f","Student",39,"w","EvoLang11",0.586633663366337,0.62995337995338,2,2,"Double"
"278",0.777777777777778,"f","Student",29,"w","EvoLang11",0.586633663366337,0.641473755901853,2,2,"Double"
"279",0.777777777777778,"f","Non-Student",40,"w","EvoLang11",0.586633663366337,0.43,2,2,"Double"
"280",0.777777777777778,"m","Student",NA,"w","EvoLang11",0.586633663366337,0.811320754716981,2,1,"Double"
"281",0.666666666666667,"m","Student",41,"w","EvoLang11",0.398514851485149,0.811320754716981,2,2,"Double"
"282",0.777777777777778,"m","Student",NA,"w","EvoLang11",0.586633663366337,0.695691609977324,2,1,"Double"
"283",0.722222222222222,"f","Student",42,"a","EvoLang11",0.48019801980198,0.508585858585859,2,3,"Double"
"284",0.75,"f","Student",NA,"e","EvoLang11",0.537128712871287,0.536531986531987,2,1,"Double"
"285",0.75,"f","Non-Student",NA,"w","EvoLang11",0.537128712871287,0.511768851303735,2,1,"Double"
"286",0.583333333333333,"m","Non-Student",43,"w","EvoLang11",0.264851485148515,0.567474747474747,2,3,"Double"
"287",0.75,"m","Student",44,"w","EvoLang11",0.537128712871287,0.574182854182854,2,3,"Double"
"288",0.722222222222222,"m","Non-Student",NA,"w","EvoLang11",0.48019801980198,0.65011655011655,2,1,"Double"
"289",0.611111111111111,"f","Non-Student",NA,"w","EvoLang11",0.309405940594059,0.480808080808081,2,1,"Double"
"290",0.722222222222222,"f","Non-Student",45,"w","EvoLang11",0.48019801980198,0.458337478754715,2,2,"Double"
"291",0.611111111111111,"m","Non-Student",46,"w","EvoLang11",0.309405940594059,0.696927344726087,2,2,"Double"
"292",0.722222222222222,"m","Student",NA,"w","EvoLang11",0.48019801980198,0.761212282775625,2,1,"Double"
"293",0.555555555555555,"m","Student",NA,"m","EvoLang11",0.235148514851485,0.782345013477089,2,1,"Double"
"294",0.722222222222222,"m","Student",47,"w","EvoLang11",0.48019801980198,0.761212282775625,2,2,"Double"
"295",0.666666666666667,"f","Student",42,"a","EvoLang11",0.398514851485149,0.643153759820427,2,3,"Double"
"296",0.722222222222222,"f","Student",NA,"e","EvoLang11",0.48019801980198,0.462545018007203,2,1,"Double"
"297",0.555555555555555,"m","Non-Student",NA,"w","EvoLang11",0.235148514851485,0.730698154047211,2,1,"Double"
"298",0.666666666666667,"f","Non-Student",48,"w","EvoLang11",0.398514851485149,0.571212121212121,2,2,"Double"
"299",0.666666666666667,"f","Non-Student",49,"w","EvoLang11",0.398514851485149,0.701688082640464,2,2,"Double"
"300",0.666666666666667,"m","Non-Student",50,"w","EvoLang11",0.398514851485149,0.707257402675192,2,2,"Double"
"301",0.611111111111111,"m","Student",NA,"w","EvoLang11",0.309405940594059,0.623483817769532,2,1,"Double"
"302",0.75,"f","Student",51,"w","EvoLang11",0.537128712871287,0.568842268842269,2,3,"Double"
"303",0.722222222222222,"m","Student",NA,"w","EvoLang11",0.48019801980198,0.800354781486857,2,1,"Double"
"304",0.666666666666667,"m","Non-Student",NA,"w","EvoLang11",0.398514851485149,0.624133644133644,2,1,"Double"
"305",0.666666666666667,"m","Student",38,"w","EvoLang11",0.398514851485149,0.669672520170859,2,3,"Double"
"306",0.75,"m","Non-Student",52,"w","EvoLang11",0.537128712871287,0.56,2,2,"Double"
"307",0.666666666666667,"f","Non-Student",NA,"w","EvoLang11",0.398514851485149,0.703703703703704,2,1,"Double"
"308",0.722222222222222,"m","Student",NA,"w","EvoLang11",0.48019801980198,0.811320754716981,2,1,"Double"
"309",0.666666666666667,"m","Student",NA,"w","EvoLang11",0.398514851485149,0.867198838896952,2,1,"Double"
"310",0.666666666666667,"m","Non-Student",NA,"e","EvoLang11",0.398514851485149,0.602557627557628,2,1,"Double"
"311",0.625,"m","Student",NA,"m","EvoLang11",0.349009900990099,0.674318359089249,2,1,"Double"
"312",0.666666666666667,"m","Student",NA,"w","EvoLang11",0.398514851485149,0.800354781486857,2,1,"Double"
"313",0.722222222222222,"m","Non-Student",NA,"w","EvoLang11",0.48019801980198,0.462545018007203,2,1,"Double"
"314",0.722222222222222,"m","Student",NA,"w","EvoLang11",0.48019801980198,0.669672520170859,2,1,"Double"
"315",0.666666666666667,"f","Non-Student",53,"w","EvoLang11",0.398514851485149,0.664362175211232,2,2,"Double"
"316",0.611111111111111,"m","Student",54,"w","EvoLang11",0.309405940594059,0.700304936153993,2,3,"Double"
"317",0.722222222222222,"m","Student",NA,"a","EvoLang11",0.48019801980198,0.640123456790124,2,1,"Double"
"318",0.722222222222222,"f","Non-Student",25,"w","EvoLang11",0.48019801980198,0.476923076923077,2,3,"Double"
"319",0.666666666666667,"m","Non-Student",NA,"w","EvoLang11",0.398514851485149,0.667687774938449,2,1,"Double"
"320",0.722222222222222,"f","Non-Student",NA,"w","EvoLang11",0.48019801980198,0.58368466073298,2,1,"Double"
"321",0.666666666666667,"m","Non-Student",55,"w","EvoLang11",0.398514851485149,0.659374190416419,2,3,"Double"
"322",0.416666666666667,"m","Student",56,"w","EvoLang11",0.0816831683168317,0.707985958753839,2,3,"Double"
"323",0.541666666666667,"m","Non-Student",NA,"w","EvoLang11",0.212871287128713,0.673220098469268,2,1,"Double"
"324",0.625,"m","Non-Student",NA,"w","EvoLang11",0.349009900990099,0.773007316134001,2,1,"Double"
"325",0.611111111111111,"m","Student",NA,"w","EvoLang11",0.309405940594059,0.5444064171123,2,1,"Double"
"326",0.666666666666667,"m","Non-Student",NA,"w","EvoLang11",0.398514851485149,0.746629823664707,2,1,"Double"
"327",0.611111111111111,"m","Student",NA,"w","EvoLang11",0.309405940594059,0.798517520215633,2,1,"Double"
"328",0.611111111111111,"m","Non-Student",NA,"w","EvoLang11",0.309405940594059,0.800961168211842,2,1,"Double"
"330",0.611111111111111,"f","Non-Student",NA,"w","EvoLang11",0.309405940594059,0.606818181818182,2,1,"Double"
"331",0.5,"m","Non-Student",57,"w","EvoLang11",0.163366336633663,0.757977207977208,2,2,"Double"
"332",0.555555555555555,"f","Non-Student",32,"w","EvoLang11",0.235148514851485,0.580136246182758,2,3,"Double"
"333",0.555555555555555,"m","Student",58,"w","EvoLang11",0.235148514851485,0.704227099644889,2,2,"Double"
"334",0.5,"f","Non-Student",NA,"w","EvoLang11",0.163366336633663,0.766166747298823,2,1,"Double"
"335",0.611111111111111,"m","Non-Student",NA,"w","EvoLang11",0.309405940594059,0.568842268842269,2,1,"Double"
"336",0.666666666666667,"m","Student",47,"w","EvoLang11",0.398514851485149,0.766112683363357,2,2,"Double"
"337",0.583333333333333,"m","Non-Student",NA,"w","EvoLang11",0.264851485148515,0.741370622323003,2,1,"Double"
"338",0.611111111111111,"m","Non-Student",NA,"w","EvoLang11",0.309405940594059,0.688391855058522,2,1,"Double"
"339",0.5,"m","Student",59,"w","EvoLang11",0.163366336633663,0.724887496450839,2,3,"Double"
"340",0.5,"m","Non-Student",NA,"w","EvoLang11",0.163366336633663,0.637845117845118,2,1,"Double"
"341",0.388888888888889,"m","Non-Student",NA,"w","EvoLang11",0.0643564356435644,0.811804547653604,2,1,"Double"
"342",0.611111111111111,"f","Student",NA,"w","EvoLang11",0.309405940594059,0.685185185185185,2,1,"Double"
"343",0.555555555555555,"m","Student",NA,"w","EvoLang11",0.235148514851485,0.867198838896952,2,1,"Double"
"344",0.611111111111111,"m","Student",NA,"w","EvoLang11",0.309405940594059,0.571212121212121,2,1,"Double"
"345",0.611111111111111,"m","Non-Student",60,"w","EvoLang11",0.309405940594059,0.567878787878788,2,2,"Double"
"346",0.5,"m","Non-Student",NA,"w","EvoLang11",0.163366336633663,0.721618702750778,2,1,"Double"
"347",0.5,"m","Non-Student",61,"w","EvoLang11",0.163366336633663,0.738993710691824,2,3,"Double"
"348",0.5,"m","Non-Student",NA,"a","EvoLang11",0.163366336633663,0.631851851851852,2,1,"Double"
"349",0.583333333333333,"m","Non-Student",62,"a","EvoLang11",0.264851485148515,0.719198790627362,2,2,"Double"
"351",0.611111111111111,"m","Non-Student",63,"w","EvoLang11",0.309405940594059,0.748076923076923,2,2,"Double"
"352",0.5,"m","Student",NA,"w","EvoLang11",0.163366336633663,0.633193041526375,2,1,"Double"
"354",0.444444444444444,"m","Student",64,"w","EvoLang11",0.101485148514851,0.718764831514001,2,2,"Double"
"357",0.5,"m","Non-Student",65,"w","EvoLang11",0.163366336633663,0.723128723128723,2,2,"Double"
"358",0.333333333333333,"m","Non-Student",NA,"a","EvoLang11",0.0371287128712871,0.616161616161616,2,1,"Double"
"359",0.5,"m","Non-Student",66,"a","EvoLang11",0.163366336633663,0.703703703703704,2,3,"Double"
"360",0.5,"f","Student",NA,"w","EvoLang11",0.163366336633663,0.703823953823954,2,1,"Double"
"361",0.444444444444444,"f","Non-Student",13,"w","EvoLang11",0.101485148514851,0.650393631525707,2,2,"Double"
"362",0.25,"m","Non-Student",NA,"w","EvoLang11",0.0148514851485149,0.63973063973064,2,1,"Double"
"363",0.5,"f","Student",NA,"w","EvoLang11",0.163366336633663,0.703703703703704,2,1,"Double"
"366",0.5,"m","Student",NA,"a","EvoLang11",0.163366336633663,0.73610512478437,2,1,"Double"
"367",0.583333333333333,"m","Non-Student",8,"w","EvoLang11",0.264851485148515,0.681016248015141,2,2,"Double"
"369",0.388888888888889,"m","Non-Student",NA,"w","EvoLang11",0.0643564356435644,0.666164364735793,2,1,"Double"
"370",0.555555555555555,"m","Non-Student",NA,"w","EvoLang11",0.235148514851485,0.756802721088435,2,1,"Double"
"371",0.555555555555555,"m","Non-Student",NA,"w","EvoLang11",0.235148514851485,0.67177801234405,2,1,"Double"
"372",0.444444444444444,"m","Non-Student",NA,"w","EvoLang11",0.101485148514851,0.811320754716981,2,1,"Double"
"373",0.5,"f","Non-Student",NA,"w","EvoLang11",0.163366336633663,0.767857142857143,2,1,"Double"
"374",0.5,"f","Student",NA,"w","EvoLang11",0.163366336633663,0.6002331002331,2,1,"Double"
"375",0.555555555555555,"m","Student",67,"w","EvoLang11",0.235148514851485,0.598636918636919,2,3,"Double"
"376",0.444444444444444,"m","Non-Student",NA,"w","EvoLang11",0.101485148514851,0.613500388500388,2,1,"Double"
"377",0.5,"m","Student",NA,"w","EvoLang11",0.163366336633663,0.685496653545767,2,1,"Double"
"378",0.5,"m","Non-Student",68,"w","EvoLang11",0.163366336633663,0.680569430569431,2,3,"Double"
"379",0.416666666666667,"m","Non-Student",NA,"w","EvoLang11",0.0816831683168317,0.501851851851852,2,1,"Double"
"380",0.444444444444444,"m","Student",NA,"w","EvoLang11",0.101485148514851,0.604651162790698,2,1,"Double"
"381",0.388888888888889,"m","Non-Student",69,"w","EvoLang11",0.0643564356435644,0.598309665013328,2,2,"Double"
"382",0.5,"f","Non-Student",NA,"w","EvoLang11",0.163366336633663,0.571212121212121,2,1,"Double"
"383",0.444444444444444,"m","Non-Student",NA,"a","EvoLang11",0.101485148514851,0.706558540403794,2,1,"Double"
"384",0.388888888888889,"f","Student",70,"a","EvoLang11",0.0643564356435644,0.523337478754715,2,3,"Double"
"385",0.5,"f","Non-Student",71,"w","EvoLang11",0.163366336633663,0.571465821000705,2,2,"Double"
"386",0.277777777777778,"m","Non-Student",NA,"w","EvoLang11",0.0198019801980198,0.523772609819121,2,1,"Double"
"387",0.388888888888889,"f","Student",72,"a","EvoLang11",0.0643564356435644,0.612878787878788,2,2,"Double"
"388",0.333333333333333,"f","Non-Student",NA,"w","EvoLang11",0.0371287128712871,0.703703703703704,2,1,"Double"
"389",0.333333333333333,"m","Non-Student",73,"a","EvoLang11",0.0371287128712871,0.710955710955711,2,3,"Double"
"390",0.333333333333333,"m","Student",NA,"a","EvoLang11",0.0371287128712871,0.671385052337433,2,1,"Double"
"391",0.222222222222222,"m","Non-Student",NA,"w","EvoLang11",0.0099009900990099,NA,2,1,"Double"
"392",0.333333333333333,"m","Student",NA,"w","EvoLang11",0.0371287128712871,0.703703703703704,2,1,"Double"
"393",0,"m","Non-Student",NA,"a","EvoLang11",0,0.641168388113213,2,1,"Double"
"394",0.333333333333333,"m","Non-Student",NA,"w","EvoLang11",0.0371287128712871,0.655252525252525,2,1,"Double"
"395",0.166666666666667,"m","Non-Student",NA,"a","EvoLang11",0.00495049504950495,0.696697746697747,2,1,"Double"
